<?xml version="1.0" encoding="UTF-8"?>
<?xml-stylesheet type = "text/xsl" href = "employee2.xsl"?>   
<class>   
   <employee id = "001">  
      <firstname>Aryan</firstname>   
      <lastname>Gupta</lastname>   
      <nickname>Raju</nickname>   
      <salary>35000</salary>  
   </employee>   
   <employee id = "024">   
      <firstname>Sara</firstname>   
      <lastname>Khan</lastname>   
      <nickname>Zoya</nickname>   
      <salary>35000</salary>  
   </employee>   
   <employee id = "056">   
      <firstname>Peter</firstname>   
      <lastname>Symon</lastname>   
      <nickname>John</nickname>   
      <salary>40000</salary>   
   </employee>   
</class>